AddingtonHenry     Addington, Henry, 1st Viscount Sidmouth (1757–1844)
			
		AddingtonWilliam     Addington, Sir William (1728–1811)
			
		AikenArthur     Aikin, Arthur (1773–1854)
			
		AikenJohnSnr     Aikin, John
			
		AikenJohnEd     Aikin, John (1747–1822)
			
		AlexanderTsar     Alexander, Tsar Alexander (1777–1825)
			
		AllenWilliam     Allen, William [d. 1807]
			
		AndersonJohn     Anderson, John (1775–?)
			
		AnsteadMiss     Anstead/Ansted, Miss, of London Wall
			
		AustinWilliamUncle     Austin, William [uncle]
			
		AustinWilliamCousin     Austin, William [cousin]
			
		BachelorThomas     Bachelor, Thomas (1775–1838)
			
		BaldwinRobert     Baldwin, Robert
			
		BanksJoseph     Banks, Sir Joseph, 1st Baronet (1743–1820)
			
		BarbauldAnna     Barbauld, Anna Laetitia (1743–1825)
			
		BarryJames     Barry, James (1741–1806)
			
		BellAndrew     Bell, Andrew, Dr (1753–1832)
			
		BentWilliam     Bent, William (d. 1823)
			
		BewickThomas     Bewick, Thomas (1753–1828)
			
		BirdIsaac     Bird, Isaac, of Bury
			
		BlacketJoseph     Blacket, Joseph (1786–1810)
			
		BlacklockThomas     Blacklock, Thomas, Dr (1721–1791)
			
		BlomfieldEdward     Blomfield, Edward Valentine (1788–1816)
			
		BloomfieldKitty     Bloomfield, Catharine [Kitty] (1764–1828)
			
		BloomfieldCharlesBury     Bloomfield, Charles (1762–1831)
			
		BloomfieldCharlesSon     Bloomfield, Charles (1798–1863)
			
		BloomfieldCharlotteAunt     Bloomfield, Charlotte [Aunt]
			
		BloomfieldCharlotteShot     Bloomfield, Charlotte [Shot], b. 1801
			
		     Bloomfield, Elizabeth (d. 1804)
			
		BloomfieldElizabethsisterlaw     Bloomfield, Elizabeth (1760–1833)
			
		BloomfieldElizabeth1789     Bloomfield, Elizabeth [Bet], (b. 1789)
			
		BloomfieldElizabeth1792     Bloomfield, Elizabeth [Bet], (b. 1792)
			
		BloomfieldGeorge     Bloomfield, George (1758–1831)
			
		BloomfieldHannah     Bloomfield, Hannah (b. 1791)
			
		BloomfieldIsaacBrother     Bloomfield, Isaac (d. 1811)
			
		BloomfieldIsaacNephew     Bloomfield, Isaac (b. 1794)
			
		BloomfieldJames     Bloomfield, James (b. 1798)
			
		BloomfieldMaryAnn     Bloomfield, Mary Ann, née Church
			
		BloomfieldMaryDaughter     Bloomfield, Mary (1793–1814)
			
		BloomfieldNat     Bloomfield, Nathaniel [Nat] (1759–1831)
			
		BloomfieldRobertSon     Bloomfield, Robert (b. 1804)
			
		BloomfieldRobertHenry     Bloomfield, Robert Henry (1807–1866)
			
		BowdenMaryAnne     Bowden, Mary Anne
			
		BoysJohn     Boys, John, of Maidstone
			
		BranstonRobert     Branston, Robert (1778–1827)
			
		BrayleyEdward     Brayley, Edward Wedlake (1773–1854)
			
		BristowEdmund     Bristow, Edmund (1787–1876)
			
		BrittonJohn     Britton, John (1771–1857)
			
		BrydgesSamuelEgerton     Brydges, Sir Samuel Egerton (1762–1837)
			
		BuchanLord     Buchan, David Steuart Erskine, 11th Earl of Buchan (1742–1829)
			
		BunburyCharles     Bunbury, Sir Charles, 6th Baronet
			
		BurdettFrancis     Burdett, Sir Francis, 5th Baronet (1770–1844)
			
		BurgesJamesBland     Burges, Sir James Bland, 1st Baronet (1752–1824)
			
		BurkeEdmund     Burke, Edmund (1729–1797)
			
		BurnsRobert     Burns, Robert (1759–1796)
			
		CampbellThomas     Campbell, Thomas (1777–1844)
			
		ChurchJoseph     Church, Joseph
			
		ClareJohn     Clare, John (1793–1864)
			
		ClubbeWilliam     Clubbe, Dr William (bap. 1745–1814)
			
		ConstableJohn     Constable, John (1776–1837)
			
		CooperCharlotte     Cooper, Charlotte
			
		CooperRobert     Cooper, Robert Bransby
			
		CraigWilliam     Craig, William Marshall (fl. 1788–1828)
			
		CrosbyBenjamin     Crosby, Benjamin (d. 1815)
			
		CrotchWilliam     Crotch, William, Dr (1775–1847)
			
		DaerLord     Daer, Lord, Douglas-Hamilton, Basil William (1764–1794)
			
		DartonWilliam     Darton, William Junior (1781–1854)
			
		DarwinErasmus     Darwin, Erasmus (1731–1802)
			
		DavyJohn     Davy, John (1763–1824)
			
		DeGeerGerard     De Geer, Gerard, Baron (1787–1846)
			
		DibdinCharles     Dibdin, Charles (1745–1814)
			
		DillyCharles     Dilly, Charles (1739–1807)
			
		DisneyJohn     Disney, John, Revd (1746–1816)
			
		DrakeNathan     Drake, Nathan, Dr (1766–1836)
			
		DrummondSamuel     Drummond, Samuel (1765?–1844)
			
		DruryEdward     Drury, Edward (1797–1843)
			
		DyerGeorge     Dyer, George (1755–1841)
			
		EdridgeHenry     Edridge, Henry (1769–1821)
			
		ErskineThomas     Erskine, Thomas, 1st Baron (1750–1823)
			
		EvansJohn     Evans, John (1767–1827)
			
		FauxJames     Faux, James Burrell
			
		FawcettJoseph     Fawcett, Joseph (c. 1758–1804)
			
		FellowesRobert     Fellowes, Robert, Revd
			
		FletcherAndrew     Fletcher, Andrew, of Saltoun (1653–1716)
			
		FoxCharlesJames     Fox, Charles James (1749–1806)
			
		FrendWilliam     Frend, William (1757–1841)
			
		GardinerWilliam     Gardiner, William Nelson (1766–1814)
			
		GedgePeter     Gedge, Peter (1758–1818)
			
		GilchristOctavius     Gilchrist, Octavius (1779–1823)
			
		GloverElizabeth     Glover, Elizabeth [formerly Bloomfield] (d. 1804)
			
		GloverIsaac     Glover, Isaac
			
		GloverJohn     Glover, John
			
		GraftonAugustusHenry3     Grafton, Augustus Henry Fitzroy, 3rd Duke of (1735–1811)
			
		GraftonGeorgeHenry4     Grafton, George Henry Fitzroy, 4th Duke of (1760–1844)
			
		GrantAnne     Grant, Anne (1755–1838)
			
		GrantThomas     Grant, Thomas, Dr (d. 1803)
			
		GrantWilliam     Grant, William (d. 1840)
			
		GriegJohn     Grieg, John
			
		HaydonBenjamin     Haydon, Benjamin (1786-1846)
			
		HaywardMr     Hayward, Mr
			
		HillThomas     Hill, Thomas (1760–1840)
			
		HingstonElizabeth     Hingston, Elizabeth [Bet]
			
		HollandJoseph     Holland, Joseph
			
		HollowayWilliam     Holloway, William (1761–1854)
			
		Honour     Honour
			
		HoodThomas     Hood, Thomas (d. 1811)
			
		HorneTooke     Horne Tooke, John (1736–1812)
			
		HortonMr     Horton, Mr
			
		IncledonCharles     Incledon, Charles (1763–1826)
			
		InskipThomas     Inskip, Thomas (circa 1780–1849)
			
		JennerEdward     Jenner, Edward, Dr (1749–1823)
			
		LackingtonJames     Lackington, James (1746–1815)
			
		LaneWilliam     Lane, William (1745/6–1814)
			
		LangshawJohn     Langshaw, John (1763–1832)
			
		LockwoodEdward     Lockwood, Edward and wife
			
		LofftCapel     Lofft, Capel (1751–1824)
			
		LofftSarah     Lofft, Sarah Watson, née Finch
			
		LloydBakerMary     Lloyd Baker, Mary, née Sharp (1778–1812)
			
		LloydBakerThomasJ     Lloyd Baker, Thomas John
			
		LongmanThomasN     Longman, Thomas Norton (1771–1842)
			
		MackintoshJames     Mackintosh, James (1765–1832)
			
		MainwaringWilliam     Mainwaring, William, Justice
			
		MartinJohn     Martin, John, Dr (1789–1869)
			
		MayJohn     May, John (1775-1856)
			
		MontgomeryJames     Montgomery, James (1771–1854)
			
		MooreThomas     Moore, Thomas (1779–1852)
			
		MothersoleMr     Mothersole, Mr
			
		MothersoleMrs     Mothersole, Mrs
			
		MurrayJohn     Murray, John (1778–1843)
			
		NorthFrederick     North, Frederick, 2nd Earl of Guilford (1732–92)
			
		OpieAmelia     Opie, Amelia (1769–1853)
			
		OsborneGeorge     Osborne, Sir George, 4th Baronet
			
		OwenRobert     Owen, Robert (1771–1858)
			
		PaineThomas     Paine, Thomas (1737-1809)
			
		ParkThomas     Park, Thomas (1758/9–1834)
			
		PerkinsBenjamin     Perkins, Benjamin
			
		PittWilliam     Pitt, William (1759–1806)
			
		PlumptreJames     Plumptre, James, Revd (1770–1832)
			
		PolackSolomon     Polack, Solomon (c.1757–c.1839)
			
		PolwheleRichard     Polwhele, Richard, Revd (1760–1838)
			
		PortlandWilliam     Portland, William Henry Cavendish-Bentinck, 3rd Duke of (1738–1809)
			
		PrattSamuel     Pratt, Samuel Jackson [pseudonym Courtney Melmoth] (1749–1814)
			
		PrestonEdward     Preston, Edward Bailey [Ned]
			
		PriestleyJoseph     Priestley, Joseph (1733–1804)
			
		ProwseElizabeth     Prowse, Elizabeth, née Sharp, (1733–1810), of Wicken Park, Northamptonshire
			
		ReesOwen     Rees, Owen (1770–1837)
			
		RickmanMr     Rickman, Mr
			
		RickmanThomas     Rickman, Thomas Clio (1761–1834)
			
		RidleyWilliam     Ridley, William (1764–1838)
			
		RogersSamuel     Rogers, Samuel (1763–1855)
			
		RomillySamuel     Romilly, Sir Samuel (1757–1818)
			
		SavageRichard     Savage, Richard (1697/8–1743)
			
		ServiceDavid     Service, David (1776–1828)
			
		SewardAnna     Seward, Anna (1747–1809)
			
		ShakespearJohn     Shakespear, John
			
		SharpCatherine     Sharp, Catherine (1770–1843)
			
		SharpGranville     Sharp, Granville (1735–1813)
			
		SharpJames     Sharp, James, of Clare Hall, South Mimms
			
		SharpMrs     Sharp, Mrs
			
		SharpWilliam     Sharp, William [Surgeon] (1729–1810)
			
		SharpeC     Sharpe, C.
			
		SherdianRichard     Sheridan, Richard Brinsley (1751–1816)
			
		ShieldWilliam     Shield, William (1748–1829)
			
		SimmsMr     Simms’s
			
		SmyMr     Smy, Mr
			
		SoutheyRobert     Southey, Robert (1774–1843)
			
		StothardThomas     Stothard, Thomas (1755–1834)
			
		SwanJames     Swan, James (d. 1818)
			
		ThomsonJames     Thomson, James (1700–1748)
			
		ThurlowEdward     Thurlow, Edward, 1st Baron (1731–1806)
			
		TillbrookSamuel     Tillbrook, Samuel Revd
			
		     Tsar
			
		VaughanWilliam     Vaughan, William (1752–1850)
			
		VernorThomas     Vernor, Thomas
			
		VioletPierre     Violet, Pierre (1749–1819)
			
		WalkerAdam     Walker, Adam (1731–1821)
			
		WassMr     Wass, Mr
			
		WaymanJohn     Wayman, John
			
		WedgwoodBentley     Wedgwood and Bentley
			
		WestallRichard     Westall, Richard (1765–1836)
			
		WestonJoseph     Weston, Joseph
			
		WhitbreadSamuel     Whitbread, Samuel (1758–1815)
			
		WhiteHenryKirke     White, Henry Kirke (1785–1806)
			
		WilberforceWilliam     Wilberforce, William (1759–1833)
			
		WilsonWilliam     Wilson, William
			
		WindhamWilliam     Windham, William (1750–1810)
			
		WordsworthWilliam     Wordsworth, William (1770-1850)
			
		YoungJohn     Young, John (1755–1825)
			
		YoungThomas     Young, Thomas, Dr (1773–1829)
			
		